Workbook

Sheet 入力
A1: 要素「集材作業効率」の点数設定
A3: 一般に地形（傾斜と起伏量の組合せ）が厳しいと架線系の作業システムとなり集材コストが上がり（集材作業効率が低い）、収益性が低くなるという傾向があります。
A4: 要素「集材作業効率」では、地形に基づいた集材作業効率が収益性を示すと考えます。
A5: ①作業システム ピンクの欄に入力した区分を➁の傾斜と起伏量の組合せに合わせて選択してください。 最後に「CSVで出力」シートを開き、ファイル→名前を付けて保存→「SAGYO-SYSTEM_CSV」フォルダにCSV形式を選んで保存してください。 ファイル名は半角英数としてください。
A7: ①作業システム | B7: コード | C7: 意味 | G7: ②傾斜と起伏量による作業システムの対応
A8: 10：集材作業効率高い | B8: 10 | C8: 集材作業効率が高い 集材コストが低い | F8: 550
A9: 9 | B9: 9 | F9: 500 | G9: １：集材作業効率低い | H9: １：集材作業効率低い | I9: １：集材作業効率低い | J9: １：集材作業効率低い | K9: １：集材作業効率低い | L9: １：集材作業効率低い
A10: 8 | B10: 8 | F10: 450 | G10: 2 | H10: 2 | I10: 2 | J10: 2 | K10: 2 | L10: 2
A11: 7 | B11: 7 | F11: 400 | G11: 3 | H11: 3 | I11: 3 | J11: 3 | K11: 3 | L11: 3
A12: 6 | B12: 6 | E12: 起伏量（m） 500×500m範囲内の最大標高と最小標高の差 | F12: 350 | G12: 4 | H12: 4 | I12: 4 | J12: 4 | K12: 4 | L12: 4
A13: 5 | B13: 5 | F13: 300 | G13: 5 | H13: 5 | I13: 5 | J13: 5 | K13: 5 | L13: 5
A14: 4 | B14: 4 | F14: 250 | G14: 6 | H14: 6 | I14: 6 | J14: 6 | K14: 6 | L14: 6
A15: 3 | B15: 3 | F15: 200 | G15: 7 | H15: 7 | I15: 7 | J15: 7 | K15: 7 | L15: 6
A16: 2 | B16: 2 | F16: 150 | G16: 8 | H16: 8 | I16: 8 | J16: 8 | K16: 7 | L16: 6
A17: １：集材作業効率低い | B17: 1 | C17: 集材作業効率が低い 集材コストが高い | F17: 100 | G17: 9 | H17: 9 | I17: 9 | J17: 8 | K17: 7 | L17: 6
A18: 右図②で空白の範囲は0となります。 | B18: 0 | F18: （0以上 100未満） 0 | G18: 10：集材作業効率高い | H18: 10：集材作業効率高い | I18: 9 | J18: 8 | K18: 7 | L18: 6
G19: 0 （0以上 15未満） | H19: 15 | I19: 20 | J19: 25 | K19: 30 | L19: 35 | M19: 40
J20: 傾斜（度）

Sheet 入力例
A1: 要素「集材作業効率」の点数設定（例）
A3: 地域で使用されている作業システム（林業機械）について、①作業システムに入力してください。（10種類まで入力可能です。）
A4: 作業効率が良く集材コストが低い、収益性が高い作業システムをコード10に、上から順に入力してください。最終的には高（3点）中（2点）低（１点）の3区分となります。
A5: ②は、その作業システムが対応可能な起伏量、傾斜に合わせて選択してください。
A7: ①作業システム | B7: コード | C7: 意味 | G7: ②傾斜と起伏量による作業システムの対応
A8: CTL | B8: 10 | C8: 収益性が高い 集材コストが低い | F8: 550
A9: 9-13tグラップル | B9: 9 | F9: 500 | G9: 9-13tスイングヤーダ | H9: 9-13tスイングヤーダ | I9: 9-13tスイングヤーダ | J9: 本架線 | K9: 本架線 | L9: 本架線
A10: 9-13tウィンチ | B10: 8 | F10: 450 | G10: 9-13tスイングヤーダ | H10: 9-13tスイングヤーダ | I10: 9-13tスイングヤーダ | J10: 本架線 | K10: 本架線 | L10: 本架線
A11: 9-13tスイングヤーダ | B11: 7 | F11: 400 | G11: 9-13tスイングヤーダ | H11: 9-13tスイングヤーダ | I11: 9-13tスイングヤーダ | J11: 本架線 | K11: 本架線 | L11: 本架線
A12: 6-8tウィンチ | B12: 6 | E12: 起伏量（m） 500×500m範囲内の最大標高と最小標高の差 | F12: 350 | G12: 9-13tスイングヤーダ | H12: 9-13tスイングヤーダ | I12: 9-13tスイングヤーダ | J12: 6-8tスイングヤーダ | K12: 本架線 | L12: 本架線
A13: 6-8tスイングヤーダ | B13: 5 | F13: 300 | G13: 9-13tスイングヤーダ | H13: 9-13tスイングヤーダ | I13: 9-13tスイングヤーダ | J13: 6-8tスイングヤーダ | K13: 本架線 | L13: 本架線
A14: 3-4tウィンチ | B14: 4 | F14: 250 | G14: CTL | H14: 9-13tウィンチ | I14: 9-13tスイングヤーダ | J14: 6-8tスイングヤーダ | K14: タワーヤーダ | L14: 本架線
A15: タワーヤーダ | B15: 3 | F15: 200 | G15: CTL | H15: 9-13tウィンチ | I15: 9-13tスイングヤーダ | J15: 6-8tスイングヤーダ | K15: タワーヤーダ | L15: 本架線
A16: 本架線 | B16: 2 | F16: 150 | G16: CTL | H16: 9-13tグラップル | I16: 9-13tウィンチ | J16: 6-8tウィンチ | K16: 3-4tウィンチ | L16: 本架線
A17: ー | B17: 1 | C17: 収益性が低い 集材コストが高い | F17: 100 | G17: CTL | H17: 9-13tグラップル | I17: 9-13tウィンチ | J17: 6-8tウィンチ | K17: 3-4tウィンチ | L17: 本架線
A18: 右図②で空白の範囲は0となります。 | B18: 0 | F18: （0以上 100未満） 0 | G18: CTL | H18: 9-13tグラップル | I18: 9-13tグラップル | J18: 6-8tウィンチ | K18: 3-4tウィンチ | L18: 本架線
G19: 0 （0以上 15未満） | H19: 15 | I19: 20 | J19: 25 | K19: 30 | L19: 35 | M19: 40
J20: 傾斜（度）

Sheet CSVで出力
A1: 550 | B1: 0 | C1: 15 | D1: 20 | E1: 25 | F1: 30 | G1: 35 | H1: 40
A2: 500 | B2: =IFERROR(VLOOKUP(入力!G9,入力!$A$8:$C$17,2,FALSE),0) -> 1 | C2: =IFERROR(VLOOKUP(入力!H9,入力!$A$8:$C$17,2,FALSE),0) -> 1 | D2: =IFERROR(VLOOKUP(入力!I9,入力!$A$8:$C$17,2,FALSE),0) -> 1 | E2: =IFERROR(VLOOKUP(入力!J9,入力!$A$8:$C$17,2,FALSE),0) -> 1 | F2: =IFERROR(VLOOKUP(入力!K9,入力!$A$8:$C$17,2,FALSE),0) -> 1 | G2: =IFERROR(VLOOKUP(入力!L9,入力!$A$8:$C$17,2,FALSE),0) -> 1
A3: 450 | B3: =IFERROR(VLOOKUP(入力!G10,入力!$A$8:$C$17,2,FALSE),0) -> 2 | C3: =IFERROR(VLOOKUP(入力!H10,入力!$A$8:$C$17,2,FALSE),0) -> 2 | D3: =IFERROR(VLOOKUP(入力!I10,入力!$A$8:$C$17,2,FALSE),0) -> 2 | E3: =IFERROR(VLOOKUP(入力!J10,入力!$A$8:$C$17,2,FALSE),0) -> 2 | F3: =IFERROR(VLOOKUP(入力!K10,入力!$A$8:$C$17,2,FALSE),0) -> 2 | G3: =IFERROR(VLOOKUP(入力!L10,入力!$A$8:$C$17,2,FALSE),0) -> 2
A4: 400 | B4: =IFERROR(VLOOKUP(入力!G11,入力!$A$8:$C$17,2,FALSE),0) -> 3 | C4: =IFERROR(VLOOKUP(入力!H11,入力!$A$8:$C$17,2,FALSE),0) -> 3 | D4: =IFERROR(VLOOKUP(入力!I11,入力!$A$8:$C$17,2,FALSE),0) -> 3 | E4: =IFERROR(VLOOKUP(入力!J11,入力!$A$8:$C$17,2,FALSE),0) -> 3 | F4: =IFERROR(VLOOKUP(入力!K11,入力!$A$8:$C$17,2,FALSE),0) -> 3 | G4: =IFERROR(VLOOKUP(入力!L11,入力!$A$8:$C$17,2,FALSE),0) -> 3
A5: 350 | B5: =IFERROR(VLOOKUP(入力!G12,入力!$A$8:$C$17,2,FALSE),0) -> 4 | C5: =IFERROR(VLOOKUP(入力!H12,入力!$A$8:$C$17,2,FALSE),0) -> 4 | D5: =IFERROR(VLOOKUP(入力!I12,入力!$A$8:$C$17,2,FALSE),0) -> 4 | E5: =IFERROR(VLOOKUP(入力!J12,入力!$A$8:$C$17,2,FALSE),0) -> 4 | F5: =IFERROR(VLOOKUP(入力!K12,入力!$A$8:$C$17,2,FALSE),0) -> 4 | G5: =IFERROR(VLOOKUP(入力!L12,入力!$A$8:$C$17,2,FALSE),0) -> 4
A6: 300 | B6: =IFERROR(VLOOKUP(入力!G13,入力!$A$8:$C$17,2,FALSE),0) -> 5 | C6: =IFERROR(VLOOKUP(入力!H13,入力!$A$8:$C$17,2,FALSE),0) -> 5 | D6: =IFERROR(VLOOKUP(入力!I13,入力!$A$8:$C$17,2,FALSE),0) -> 5 | E6: =IFERROR(VLOOKUP(入力!J13,入力!$A$8:$C$17,2,FALSE),0) -> 5 | F6: =IFERROR(VLOOKUP(入力!K13,入力!$A$8:$C$17,2,FALSE),0) -> 5 | G6: =IFERROR(VLOOKUP(入力!L13,入力!$A$8:$C$17,2,FALSE),0) -> 5
A7: 250 | B7: =IFERROR(VLOOKUP(入力!G14,入力!$A$8:$C$17,2,FALSE),0) -> 6 | C7: =IFERROR(VLOOKUP(入力!H14,入力!$A$8:$C$17,2,FALSE),0) -> 6 | D7: =IFERROR(VLOOKUP(入力!I14,入力!$A$8:$C$17,2,FALSE),0) -> 6 | E7: =IFERROR(VLOOKUP(入力!J14,入力!$A$8:$C$17,2,FALSE),0) -> 6 | F7: =IFERROR(VLOOKUP(入力!K14,入力!$A$8:$C$17,2,FALSE),0) -> 6 | G7: =IFERROR(VLOOKUP(入力!L14,入力!$A$8:$C$17,2,FALSE),0) -> 6
A8: 200 | B8: =IFERROR(VLOOKUP(入力!G15,入力!$A$8:$C$17,2,FALSE),0) -> 7 | C8: =IFERROR(VLOOKUP(入力!H15,入力!$A$8:$C$17,2,FALSE),0) -> 7 | D8: =IFERROR(VLOOKUP(入力!I15,入力!$A$8:$C$17,2,FALSE),0) -> 7 | E8: =IFERROR(VLOOKUP(入力!J15,入力!$A$8:$C$17,2,FALSE),0) -> 7 | F8: =IFERROR(VLOOKUP(入力!K15,入力!$A$8:$C$17,2,FALSE),0) -> 7 | G8: =IFERROR(VLOOKUP(入力!L15,入力!$A$8:$C$17,2,FALSE),0) -> 6
A9: 150 | B9: =IFERROR(VLOOKUP(入力!G16,入力!$A$8:$C$17,2,FALSE),0) -> 8 | C9: =IFERROR(VLOOKUP(入力!H16,入力!$A$8:$C$17,2,FALSE),0) -> 8 | D9: =IFERROR(VLOOKUP(入力!I16,入力!$A$8:$C$17,2,FALSE),0) -> 8 | E9: =IFERROR(VLOOKUP(入力!J16,入力!$A$8:$C$17,2,FALSE),0) -> 8 | F9: =IFERROR(VLOOKUP(入力!K16,入力!$A$8:$C$17,2,FALSE),0) -> 7 | G9: =IFERROR(VLOOKUP(入力!L16,入力!$A$8:$C$17,2,FALSE),0) -> 6
A10: 100 | B10: =IFERROR(VLOOKUP(入力!G17,入力!$A$8:$C$17,2,FALSE),0) -> 9 | C10: =IFERROR(VLOOKUP(入力!H17,入力!$A$8:$C$17,2,FALSE),0) -> 9 | D10: =IFERROR(VLOOKUP(入力!I17,入力!$A$8:$C$17,2,FALSE),0) -> 9 | E10: =IFERROR(VLOOKUP(入力!J17,入力!$A$8:$C$17,2,FALSE),0) -> 8 | F10: =IFERROR(VLOOKUP(入力!K17,入力!$A$8:$C$17,2,FALSE),0) -> 7 | G10: =IFERROR(VLOOKUP(入力!L17,入力!$A$8:$C$17,2,FALSE),0) -> 6
A11: 0 | B11: =IFERROR(VLOOKUP(入力!G18,入力!$A$8:$C$17,2,FALSE),0) -> 10 | C11: =IFERROR(VLOOKUP(入力!H18,入力!$A$8:$C$17,2,FALSE),0) -> 10 | D11: =IFERROR(VLOOKUP(入力!I18,入力!$A$8:$C$17,2,FALSE),0) -> 9 | E11: =IFERROR(VLOOKUP(入力!J18,入力!$A$8:$C$17,2,FALSE),0) -> 8 | F11: =IFERROR(VLOOKUP(入力!K18,入力!$A$8:$C$17,2,FALSE),0) -> 7 | G11: =IFERROR(VLOOKUP(入力!L18,入力!$A$8:$C$17,2,FALSE),0) -> 6
A15: code | B15: name
A16: 10 | B16: =入力!A8 -> 10：集材作業効率高い
A17: 9 | B17: =入力!A9 -> 9
A18: 8 | B18: =入力!A10 -> 8
A19: 7 | B19: =入力!A11 -> 7
A20: 6 | B20: =入力!A12 -> 6
A21: 5 | B21: =入力!A13 -> 5
A22: 4 | B22: =入力!A14 -> 4
A23: 3 | B23: =入力!A15 -> 3
A24: 2 | B24: =入力!A16 -> 2
A25: 1 | B25: =入力!A17 -> １：集材作業効率低い
A26: 0 | B26: 該当なし
